id,timestamp, lat, long, mode, isCommunicating, direction, reached, partnerId, partnerMode, broadcastedPath, receivedPath, beforePathLength, afterPathLength, sentDataSize, receivedDataSize
11, 1.920000, -36.911373, 1.419736, E, F, , F, , , , , , , , , 
11, 4.512000, -36.459752, 1.221500, E, F, , F, , , , , , , , , 
11, 5.120000, -36.154220, 1.191270, E, F, , F, , , , , , , , , 
11, 6.208000, -35.841350, 1.152217, E, F, , F, , , , , , , , , 
11, 7.008000, -35.505179, 1.104402, E, F, , F, , , , , , , , , 
11, 7.776000, -35.170125, 0.979982, E, F, , F, , , , , , , , , 
11, 9.440000, -34.855328, 0.900729, E, F, , F, , , , , , , , , 
11, 10.176000, -34.339177, 0.911228, E, F, , F, , , , , , , , , 
11, 10.560000, -33.976268, 0.925587, E, F, , F, , , , , , , , , 
11, 11.008000, -33.561379, 0.981828, E, F, , F, , , , , , , , , 
11, 11.392000, -33.206957, 1.059638, E, F, , F, , , , , , , , , 
11, 11.776000, -32.862398, 1.162873, E, F, , F, , , , , , , , , 
11, 12.160000, -32.522807, 1.293003, E, F, , F, , , , , , , , , 
11, 12.544000, -32.200380, 1.445441, E, F, , F, , , , , , , , , 
11, 12.928000, -31.891510, 1.630257, E, F, , F, , , , , , , , , 
11, 13.312000, -31.596158, 1.841697, E, F, , F, , , , , , , , , 
11, 13.760000, -31.260356, 2.086609, E, F, , F, , , , , , , , , 
11, 14.080000, -31.009722, 2.254414, E, F, , F, , , , , , , , , 
11, 14.464000, -30.724412, 2.475447, E, F, , F, , , , , , , , , 
11, 14.848000, -30.459515, 2.720932, E, F, , F, , , , , , , , , 
11, 15.648000, -30.241248, 2.941207, E, F, , F, , , , , , , , , 
11, 16.736000, -30.025663, 3.171818, E, F, , F, , , , , , , , , 
11, 19.584000, -29.794974, 3.364241, E, F, , F, , , , , , , , , 
11, 22.976000, -29.365295, 3.328419, E, F, , F, , , , , , , , , 
11, 23.296000, -29.072482, 3.261816, E, F, , F, , , , , , , , , 
11, 23.680000, -28.713977, 3.211129, E, F, , F, , , , , , , , , 
11, 24.000000, -28.414486, 3.189564, E, F, , F, , , , , , , , , 
11, 24.448000, -27.998434, 3.160965, E, F, , F, , , , , , , , , 
11, 24.832000, -27.643166, 3.124320, E, F, , F, , , , , , , , , 
11, 25.216000, -27.288647, 3.080674, E, F, , F, , , , , , , , , 
11, 25.600000, -26.944394, 2.998803, E, F, , F, , , , , , , , , 
11, 25.984000, -26.610758, 2.876571, E, F, , F, , , , , , , , , 
11, 26.368000, -26.276547, 2.745227, E, F, , F, , , , , , , , , 
11, 26.752000, -25.945844, 2.613006, E, F, , F, , , , , , , , , 
11, 27.136000, -25.632461, 2.444571, E, F, , F, , , , , , , , , 
11, 27.520000, -25.343000, 2.242872, E, F, , F, , , , , , , , , 
11, 27.904000, -25.074487, 2.008756, E, F, , F, , , , , , , , , 
11, 28.288000, -24.809588, 1.765333, E, F, , F, , , , , , , , , 
11, 28.672000, -24.528894, 1.541126, E, F, , F, , , , , , , , , 
11, 29.056000, -24.251654, 1.318808, E, F, , F, , , , , , , , , 
11, 29.440000, -24.000951, 1.066995, E, F, , F, , , , , , , , , 
11, 29.824000, -23.780217, 0.788604, E, F, , F, , , , , , , , , 
11, 30.208000, -23.591862, 0.485647, E, F, , F, , , , , , , , , 
11, 30.592000, -23.409240, 0.174919, E, F, , F, , , , , , , , , 
11, 30.976000, -23.232973, -0.131680, E, F, , F, , , , , , , , , 
11, 31.744000, -23.052295, -0.508122, E, F, , F, , , , , , , , , 
11, 32.480000, -22.922897, -0.779489, E, F, , F, , , , , , , , , 
11, 33.568000, -22.782446, -1.061886, E, F, , F, , , , , , , , , 
11, 34.656000, -22.640340, -1.343485, E, F, , F, , , , , , , , , 
11, 35.744000, -22.499885, -1.625911, E, F, , F, , , , , , , , , 
11, 36.832000, -22.357779, -1.907511, E, F, , F, , , , , , , , , 
11, 37.920000, -22.217324, -2.189937, E, F, , F, , , , , , , , , 
11, 40.256000, -22.095671, -2.468477, E, F, , F, , , , , , , , , 
11, 41.056000, -22.061605, -2.823430, E, F, , F, , , , , , , , , 
11, 41.376000, -22.019720, -3.121888, E, F, , F, , , , , , , , , 
11, 41.760000, -22.005286, -3.475525, E, F, , F, , , , , , , , , 
11, 42.144000, -22.028725, -3.829533, E, F, , F, , , , , , , , , 
11, 42.528000, -22.030325, -4.191207, E, F, , F, , , , , , , , , 
11, 42.912000, -22.010823, -4.546654, E, F, , F, , , , , , , , , 
11, 43.232000, -22.021834, -4.846860, E, F, , F, , , , , , , , , 
11, 43.680000, -21.998748, -5.264425, E, F, , F, , , , , , , , , 
11, 44.064000, -21.949786, -5.620701, E, F, , F, , , , , , , , , 
11, 44.512000, -21.890942, -6.035229, E, F, , F, , , , , , , , , 
11, 44.896000, -21.883426, -6.389607, E, F, , F, , , , , , , , , 
11, 45.280000, -21.884501, -6.751330, E, F, , F, , , , , , , , , 
11, 45.664000, -21.858700, -7.111800, E, F, , F, , , , , , , , , 
11, 46.048000, -21.837644, -7.465022, E, F, , F, , , , , , , , , 
11, 46.432000, -21.856468, -7.820587, E, F, , F, , , , , , , , , 
11, 46.816000, -21.915169, -8.164270, E, F, , F, , , , , , , , , 
11, 47.200000, -22.013087, -8.508355, E, F, , F, , , , , , , , , 
11, 47.584000, -22.120508, -8.852980, E, F, , F, , , , , , , , , 
11, 48.384000, -22.198429, -9.153820, E, F, , F, , , , , , , , , 
11, 53.152000, -22.138541, -9.449247, E, F, , F, , , , , , , , , 
11, 55.936000, -21.749251, -9.451229, E, F, , F, , , , , , , , , 
11, 56.320000, -21.391858, -9.394998, E, F, , F, , , , , , , , , 
11, 56.704000, -21.040405, -9.304800, E, F, , F, , , , , , , , , 
11, 57.088000, -20.699195, -9.189869, E, F, , F, , , , , , , , , 
11, 57.472000, -20.366997, -9.082344, E, F, , F, , , , , , , , , 
11, 57.856000, -20.017294, -9.015739, E, F, , F, , , , , , , , , 
11, 58.240000, -19.660347, -8.957873, E, F, , F, , , , , , , , , 
11, 58.624000, -19.308043, -8.905854, E, F, , F, , , , , , , , , 
11, 59.008000, -18.949711, -8.861917, E, F, , F, , , , , , , , , 
11, 59.392000, -18.596949, -8.823449, E, F, , F, , , , , , , , , 
11, 59.776000, -18.247618, -8.824494, E, F, , F, , , , , , , , , 
11, 60.096000, -17.947043, -8.840196, E, F, , F, , , , , , , , , 
11, 60.480000, -17.588351, -8.833934, E, F, , F, , , , , , , , , 
11, 60.928000, -17.169710, -8.820121, E, F, , F, , , , , , , , , 
11, 61.312000, -16.819117, -8.850994, E, F, , F, , , , , , , , , 
11, 61.696000, -16.471446, -8.922278, E, F, , F, , , , , , , , , 
11, 62.016000, -16.177984, -8.993746, E, F, , F, , , , , , , , , 
11, 62.464000, -15.773971, -9.091100, E, F, , F, , , , , , , , , 
11, 62.976000, -15.311379, -9.215149, E, F, , F, , , , , , , , , 
11, 63.360000, -14.979349, -9.334026, E, F, , F, , , , , , , , , 
11, 63.744000, -14.659776, -9.492174, E, F, , F, , , , , , , , , 
11, 64.128000, -14.361068, -9.681986, E, F, , F, , , , , , , , , 
11, 64.512000, -14.045423, -9.857386, E, F, , F, , , , , , , , , 
11, 64.896000, -13.717228, -10.010391, E, F, , F, , , , , , , , , 
11, 65.280000, -13.380352, -10.139921, E, F, , F, , , , , , , , , 
11, 65.664000, -13.061287, -10.298142, E, F, , F, , , , , , , , , 
11, 66.048000, -12.728107, -10.438540, E, F, , F, , , , , , , , , 
11, 66.432000, -12.385269, -10.553230, E, F, , F, , , , , , , , , 
11, 67.008000, -12.019078, -10.647108, E, F, , F, , , , , , , , , 
11, 68.096000, -11.714256, -10.725301, E, F, , F, , , , , , , , , 
11, 72.768000, -11.497198, -10.933793, E, F, , F, , , , , , , , , 
11, 75.104000, -11.547358, -11.397516, E, F, , F, , , , , , , , , 
11, 75.488000, -11.648413, -11.739553, E, F, , F, , , , , , , , , 
11, 75.872000, -11.790478, -12.060327, E, F, , F, , , , , , , , , 
11, 76.256000, -11.970516, -12.364682, E, F, , F, , , , , , , , , 
11, 76.640000, -12.136260, -12.687749, E, F, , F, , , , , , , , , 
11, 77.024000, -12.276354, -13.021463, E, F, , F, , , , , , , , , 
11, 77.408000, -12.393110, -13.364010, E, F, , F, , , , , , , , , 
11, 77.792000, -12.540048, -13.685729, E, F, , F, , , , , , , , , 
11, 78.176000, -12.725032, -13.989329, E, F, , F, , , , , , , , , 
11, 78.560000, -12.944029, -14.267843, E, F, , F, , , , , , , , , 
11, 78.944000, -13.194465, -14.520456, E, F, , F, , , , , , , , , 
11, 79.328000, -13.468657, -14.740894, E, F, , F, , , , , , , , , 
11, 79.712000, -13.740808, -14.980320, E, F, , F, , , , , , , , , 
11, 80.096000, -14.028262, -15.190038, E, F, , F, , , , , , , , , 
11, 80.480000, -14.308560, -15.421836, E, F, , F, , , , , , , , , 
11, 80.864000, -14.568457, -15.672071, E, F, , F, , , , , , , , , 
11, 81.248000, -14.812362, -15.941680, E, F, , F, , , , , , , , , 
11, 81.632000, -15.074744, -16.175678, E, F, , F, , , , , , , , , 
11, 82.016000, -15.363441, -16.381161, E, F, , F, , , , , , , , , 
11, 82.400000, -15.646981, -16.607565, E, F, , F, , , , , , , , , 
11, 82.784000, -15.945579, -16.800653, E, F, , F, , , , , , , , , 
11, 83.168000, -16.263844, -16.961302, E, F, , F, , , , , , , , , 
11, 83.488000, -16.522859, -17.113034, E, F, , F, , , , , , , , , 
11, 83.936000, -16.851317, -17.353609, E, F, , F, , , , , , , , , 
11, 84.384000, -17.179873, -17.613607, E, F, , F, , , , , , , , , 
11, 84.768000, -17.483304, -17.799331, E, F, , F, , , , , , , , , 
11, 85.152000, -17.804459, -17.949132, E, F, , F, , , , , , , , , 
11, 85.536000, -18.141276, -18.061942, E, F, , F, , , , , , , , , 
11, 85.920000, -18.485945, -18.168824, E, F, , F, , , , , , , , , 
11, 86.304000, -18.822009, -18.302673, E, F, , F, , , , , , , , , 
11, 86.688000, -19.147098, -18.461393, E, F, , F, , , , , , , , , 
11, 87.200000, -19.556744, -18.707214, E, F, , F, , , , , , , , , 
11, 87.584000, -19.847752, -18.922135, E, F, , F, , , , , , , , , 
11, 87.968000, -20.154086, -19.104205, E, F, , F, , , , , , , , , 
11, 88.544000, -20.493098, -19.257995, E, F, , F, , , , , , , , , 
11, 89.632000, -20.777514, -19.383886, E, F, , F, , , , , , , , , 
11, 96.864000, -20.831141, -19.084622, E, F, , F, , , , , , , , , 
11, 97.824000, -20.655550, -18.695825, E, F, , F, , , , , , , , , 
11, 98.400000, -20.461910, -18.376846, E, F, , F, , , , , , , , , 
11, 99.616000, -20.302157, -18.098621, E, F, , F, , , , , , , , , 
11, 100.704000, -20.156242, -17.818851, E, F, , F, , , , , , , , , 
11, 101.856000, -20.022633, -17.548004, E, F, , F, , , , , , , , , 
11, 104.576000, -19.866431, -17.286008, E, F, , F, , , , , , , , , 
11, 105.952000, -19.537204, -17.062308, E, F, , F, , , , , , , , , 
11, 106.656000, -19.181622, -16.937872, E, F, , F, , , , , , , , , 
11, 107.040000, -18.831122, -16.838633, E, F, , F, , , , , , , , , 
11, 107.424000, -18.494979, -16.721328, E, F, , F, , , , , , , , , 
11, 107.744000, -18.203438, -16.648663, E, F, , F, , , , , , , , , 
11, 108.128000, -17.863670, -16.544583, E, F, , F, , , , , , , , , 
11, 108.576000, -17.455441, -16.452012, E, F, , F, , , , , , , , , 
11, 108.960000, -17.110279, -16.345752, E, F, , F, , , , , , , , , 
11, 109.344000, -16.773316, -16.213194, E, F, , F, , , , , , , , , 
11, 109.792000, -16.385891, -16.056759, E, F, , F, , , , , , , , , 
11, 110.656000, -15.842671, -15.896854, E, F, , F, , , , , , , , , 
11, 111.040000, -15.491143, -15.826731, E, F, , F, , , , , , , , , 
11, 111.552000, -15.186999, -15.747534, E, F, , F, , , , , , , , , 
11, 112.192000, -14.780835, -15.643204, E, F, , F, , , , , , , , , 
11, 112.576000, -14.427896, -15.590568, E, F, , F, , , , , , , , , 
11, 112.960000, -14.073178, -15.578369, E, F, , F, , , , , , , , , 
11, 113.344000, -13.718235, -15.606482, E, F, , F, , , , , , , , , 
11, 113.728000, -13.368909, -15.671560, E, F, , F, , , , , , , , , 
11, 114.112000, -13.015342, -15.717819, E, F, , F, , , , , , , , , 
11, 114.432000, -12.715855, -15.735609, E, F, , F, , , , , , , , , 
11, 114.816000, -12.354606, -15.729345, E, F, , F, , , , , , , , , 
11, 115.200000, -11.994562, -15.694129, E, F, , F, , , , , , , , , 
11, 115.584000, -11.635971, -15.634216, E, F, , F, , , , , , , , , 
11, 115.968000, -11.296791, -15.612529, E, F, , F, , , , , , , , , 
11, 116.352000, -10.939931, -15.576018, E, F, , F, , , , , , , , , 
11, 116.928000, -10.514670, -15.576377, E, F, , F, , , , , , , , , 
11, 117.376000, -10.212818, -15.594122, E, F, , F, , , , , , , , , 
11, 117.696000, -9.912649, -15.590881, E, F, , F, , , , , , , , , 
11, 118.080000, -9.551918, -15.559910, E, F, , F, , , , , , , , , 
11, 118.528000, -9.140616, -15.484789, E, F, , F, , , , , , , , , 
11, 118.912000, -8.793029, -15.388829, E, F, , F, , , , , , , , , 
11, 119.360000, -8.394562, -15.275291, E, F, , F, , , , , , , , , 
11, 119.872000, -7.928511, -15.164054, E, F, , F, , , , , , , , , 
11, 120.256000, -7.578974, -15.105357, E, F, , F, , , , , , , , , 
11, 120.640000, -7.225590, -15.081778, E, F, , F, , , , , , , , , 
11, 121.024000, -6.866788, -15.035305, E, F, , F, , , , , , , , , 
11, 121.408000, -6.513426, -14.962998, E, F, , F, , , , , , , , , 
11, 121.792000, -6.160017, -14.922837, E, F, , F, , , , , , , , , 
11, 122.176000, -5.803509, -14.862605, E, F, , F, , , , , , , , , 
11, 122.560000, -5.448531, -14.838792, E, F, , F, , , , , , , , , 
11, 122.944000, -5.093940, -14.855598, E, F, , F, , , , , , , , , 
11, 123.328000, -4.743812, -14.909637, E, F, , F, , , , , , , , , 
11, 123.648000, -4.444141, -14.938785, E, F, , F, , , , , , , , , 
11, 124.032000, -4.098069, -15.010025, E, F, , F, , , , , , , , , 
11, 124.416000, -3.762774, -15.120787, E, F, , F, , , , , , , , , 
11, 124.800000, -3.440013, -15.269204, E, F, , F, , , , , , , , , 
11, 125.184000, -3.133761, -15.451689, E, F, , F, , , , , , , , , 
11, 125.568000, -2.812107, -15.617077, E, F, , F, , , , , , , , , 
11, 125.952000, -2.479069, -15.760005, E, F, , F, , , , , , , , , 
11, 126.336000, -2.169635, -15.931312, E, F, , F, , , , , , , , , 
11, 126.720000, -1.843489, -16.087470, E, F, , F, , , , , , , , , 
11, 127.104000, -1.502818, -16.220204, E, F, , F, , , , , , , , , 
11, 127.488000, -1.162033, -16.327339, E, F, , F, , , , , , , , , 
11, 127.872000, -0.810389, -16.412597, E, F, , F, , , , , , , , , 
11, 128.256000, -0.474878, -16.527800, E, F, , F, , , , , , , , , 
11, 128.640000, -0.127816, -16.625381, E, F, , F, , , , , , , , , 
11, 129.024000, 0.225561, -16.699146, E, F, , F, , , , , , , , , 
11, 129.408000, 0.578139, -16.747303, E, F, , F, , , , , , , , , 
11, 129.792000, 0.926338, -16.827727, E, F, , F, , , , , , , , , 
11, 130.176000, 1.274008, -16.891427, E, F, , F, , , , , , , , , 
11, 130.496000, 1.565524, -16.972714, E, F, , F, , , , , , , , , 
11, 130.880000, 1.917862, -17.044760, E, F, , F, , , , , , , , , 
11, 131.264000, 2.275710, -17.090095, E, F, , F, , , , , , , , , 
11, 131.648000, 2.636335, -17.106778, E, F, , F, , , , , , , , , 
11, 132.320000, 3.043821, -17.105149, E, F, , F, , , , , , , , , 
11, 132.640000, 3.344420, -17.094829, E, F, , F, , , , , , , , , 
11, 133.024000, 3.705020, -17.057643, E, F, , F, , , , , , , , , 
11, 133.408000, 4.062350, -17.056614, E, F, , F, , , , , , , , , 
11, 133.792000, 4.414015, -17.095785, E, F, , F, , , , , , , , , 
11, 134.176000, 4.761195, -17.174629, E, F, , F, , , , , , , , , 
11, 134.560000, 5.096039, -17.291479, E, F, , F, , , , , , , , , 
11, 134.944000, 5.416958, -17.444737, E, F, , F, , , , , , , , , 
11, 135.328000, 5.752165, -17.583391, E, F, , F, , , , , , , , , 
11, 135.712000, 6.067417, -17.749949, E, F, , F, , , , , , , , , 
11, 136.096000, 6.389478, -17.901228, E, F, , F, , , , , , , , , 
11, 136.480000, 6.725026, -18.032756, E, F, , F, , , , , , , , , 
11, 136.864000, 7.036674, -18.194541, E, F, , F, , , , , , , , , 
11, 137.248000, 7.334668, -18.388955, E, F, , F, , , , , , , , , 
11, 137.632000, 7.648741, -18.567362, E, F, , F, , , , , , , , , 
11, 138.016000, 7.967667, -18.723800, E, F, , F, , , , , , , , , 
11, 138.336000, 8.225559, -18.880997, E, F, , F, , , , , , , , , 
11, 138.720000, 8.540853, -19.049243, E, F, , F, , , , , , , , , 
11, 139.104000, 8.835967, -19.244944, E, F, , F, , , , , , , , , 
11, 139.488000, 9.109332, -19.474777, E, F, , F, , , , , , , , , 
11, 139.872000, 9.353196, -19.731488, E, F, , F, , , , , , , , , 
11, 140.256000, 9.569893, -20.012496, E, F, , F, , , , , , , , , 
11, 140.640000, 9.808588, -20.285685, E, F, , F, , , , , , , , , 
11, 141.024000, 10.065987, -20.539145, E, F, , F, , , , , , , , , 
11, 141.408000, 10.341879, -20.772710, E, F, , F, , , , , , , , , 
11, 141.792000, 10.634228, -20.987440, E, F, , F, , , , , , , , , 
11, 142.176000, 10.899572, -21.223192, E, F, , F, , , , , , , , , 
11, 142.560000, 11.185306, -21.447185, E, F, , F, , , , , , , , , 
11, 142.944000, 11.483706, -21.646462, E, F, , F, , , , , , , , , 
11, 143.392000, 11.853656, -21.844391, E, F, , F, , , , , , , , , 
11, 143.776000, 12.184024, -21.988539, E, F, , F, , , , , , , , , 
11, 144.160000, 12.526227, -22.108012, E, F, , F, , , , , , , , , 
11, 144.608000, 12.920621, -22.242123, E, F, , F, , , , , , , , , 
11, 144.928000, 13.201115, -22.349912, E, F, , F, , , , , , , , , 
11, 145.376000, 13.587423, -22.497419, E, F, , F, , , , , , , , , 
11, 145.888000, 14.025564, -22.682879, E, F, , F, , , , , , , , , 
11, 146.272000, 14.341468, -22.843765, E, F, , F, , , , , , , , , 
11, 147.104000, 14.586129, -23.019537, E, F, , F, , , , , , , , , 
11, 148.192000, 14.838618, -23.208626, E, F, , F, , , , , , , , , 
11, 152.736000, 14.967843, -23.485681, E, F, , F, , , , , , , , , 
11, 156.672000, 14.643745, -23.764107, E, F, , F, , , , , , , , , 
11, 157.504000, 14.262902, -23.917823, E, F, , F, , , , , , , , , 
11, 157.824000, 13.989903, -24.042615, E, F, , F, , , , , , , , , 
11, 158.208000, 13.672386, -24.217721, E, F, , F, , , , , , , , , 
11, 158.592000, 13.371391, -24.407930, E, F, , F, , , , , , , , , 
11, 159.040000, 13.001875, -24.605116, E, F, , F, , , , , , , , , 
11, 159.424000, 12.696236, -24.799579, E, F, , F, , , , , , , , , 
11, 159.808000, 12.406884, -25.015635, E, F, , F, , , , , , , , , 
11, 160.192000, 12.134270, -25.252959, E, F, , F, , , , , , , , , 
11, 160.576000, 11.882911, -25.504435, E, F, , F, , , , , , , , , 
11, 161.024000, 11.601181, -25.811510, E, F, , F, , , , , , , , , 
11, 161.824000, 11.367415, -26.027228, E, F, , F, , , , , , , , , 
11, 163.456000, 11.146234, -26.233946, E, F, , F, , , , , , , , , 
11, 167.744000, 11.112646, -26.532393, E, F, , F, , , , , , , , , 
11, 169.408000, 11.332174, -26.889014, E, F, , F, , , , , , , , , 
11, 169.728000, 11.517599, -27.125097, E, F, , F, , , , , , , , , 
11, 170.112000, 11.710691, -27.423964, E, F, , F, , , , , , , , , 
11, 170.496000, 11.924200, -27.717459, E, F, , F, , , , , , , , , 
11, 170.880000, 12.103223, -28.023432, E, F, , F, , , , , , , , , 
11, 171.264000, 12.247063, -28.348730, E, F, , F, , , , , , , , , 
11, 171.648000, 12.353115, -28.688280, E, F, , F, , , , , , , , , 
11, 173.088000, 12.423502, -29.356072, E, F, , F, , , , , , , , , 
11, 175.264000, 12.603575, -29.668507, E, F, , F, , , , , , , , , 
11, 176.832000, 12.891535, -29.916893, E, F, , F, , , , , , , , , 
11, 177.152000, 13.137235, -30.089104, E, F, , F, , , , , , , , , 
11, 177.536000, 13.407119, -30.320953, E, F, , F, , , , , , , , , 
11, 178.112000, 13.662302, -30.594768, E, F, , F, , , , , , , , , 
11, 179.072000, 13.976125, -30.950931, E, F, , F, , , , , , , , , 
11, 179.520000, 14.175323, -31.212422, E, F, , F, , , , , , , , , 
11, 180.288000, 14.389464, -31.603198, E, F, , F, , , , , , , , , 
11, 180.672000, 14.548562, -31.919256, E, F, , F, , , , , , , , , 
11, 181.152000, 14.658578, -32.231685, E, F, , F, , , , , , , , , 
11, 181.984000, 14.764473, -32.620811, E, F, , F, , , , , , , , , 
11, 182.752000, 14.925322, -33.000060, E, F, , F, , , , , , , , , 
11, 183.264000, 15.089768, -33.323200, E, F, , F, , , , , , , , , 
11, 184.544000, 15.342962, -33.820996, E, F, , F, , , , , , , , , 
11, 185.440000, 15.556488, -34.215416, E, F, , F, , , , , , , , , 
11, 187.872000, 15.541036, -34.712438, E, F, , F, , , , , , , , , 
11, 189.120000, 15.371538, -35.030176, E, F, , F, , , , , , , , , 
11, 189.440000, 15.181469, -35.272822, E, F, , F, , , , , , , , , 
11, 189.760000, 15.011711, -35.520369, E, F, , F, , , , , , , , , 
11, 190.144000, 14.784174, -35.794083, E, F, , F, , , , , , , , , 
11, 190.528000, 14.568123, -36.085594, E, F, , F, , , , , , , , , 
11, 190.912000, 14.330873, -36.350445, E, F, , F, , , , , , , , , 
11, 191.296000, 14.104328, -36.633081, E, F, , F, , , , , , , , , 
11, 191.680000, 13.856843, -36.885473, E, F, , F, , , , , , , , , 
11, 192.064000, 13.580416, -37.110598, E, F, , F, , , , , , , , , 
11, 192.448000, 13.281262, -37.302219, E, F, , F, , , , , , , , , 
11, 193.184000, 12.861368, -37.521121, E, F, , F, , , , , , , , , 
11, 193.632000, 12.503671, -37.734869, E, F, , F, , , , , , , , , 
11, 193.952000, 12.240026, -37.878559, E, F, , F, , , , , , , , , 
11, 194.272000, 11.987629, -38.041628, E, F, , F, , , , , , , , , 
11, 194.656000, 11.699426, -38.257785, E, F, , F, , , , , , , , , 
11, 195.040000, 11.427161, -38.495685, E, F, , F, , , , , , , , , 
11, 195.488000, 11.115170, -38.773418, E, F, , F, , , , , , , , , 
11, 195.872000, 10.837105, -39.005249, E, F, , F, , , , , , , , , 
11, 196.352000, 10.581623, -39.211569, E, F, , F, , , , , , , , , 
11, 196.800000, 10.290788, -39.364629, E, F, , F, , , , , , , , , 
11, 197.184000, 9.958476, -39.492708, E, F, , F, , , , , , , , , 
11, 197.568000, 9.614090, -39.582324, E, F, , F, , , , , , , , , 
11, 197.952000, 9.262043, -39.634603, E, F, , F, , , , , , , , , 
11, 198.336000, 8.913259, -39.702757, E, F, , F, , , , , , , , , 
11, 198.784000, 8.495818, -39.752480, E, F, , F, , , , , , , , , 
11, 199.232000, 8.082024, -39.805238, E, F, , F, , , , , , , , , 
11, 199.744000, 7.604118, -39.852037, E, F, , F, , , , , , , , , 
11, 200.128000, 7.251189, -39.861942, E, F, , F, , , , , , , , , 
11, 200.512000, 6.889457, -39.892596, E, F, , F, , , , , , , , , 
11, 200.896000, 6.540596, -39.887222, E, F, , F, , , , , , , , , 
11, 201.280000, 6.185236, -39.841411, E, F, , F, , , , , , , , , 
11, 201.664000, 5.841651, -39.757228, E, F, , F, , , , , , , , , 
11, 202.048000, 5.507446, -39.634225, E, F, , F, , , , , , , , , 
11, 202.432000, 5.193855, -39.474312, E, F, , F, , , , , , , , , 
11, 202.816000, 4.865270, -39.327788, E, F, , F, , , , , , , , , 
11, 203.200000, 4.555379, -39.151434, E, F, , F, , , , , , , , , 
11, 203.584000, 4.268095, -38.941963, E, F, , F, , , , , , , , , 
11, 203.968000, 4.004655, -38.702551, E, F, , F, , , , , , , , , 
11, 204.352000, 3.722191, -38.475381, E, F, , F, , , , , , , , , 
11, 204.736000, 3.424099, -38.270713, E, F, , F, , , , , , , , , 
11, 205.120000, 3.112323, -38.087216, E, F, , F, , , , , , , , , 
11, 205.856000, 2.757955, -37.769805, E, F, , F, , , , , , , , , 
11, 206.592000, 2.493382, -37.372306, E, F, , F, , , , , , , , , 
11, 206.912000, 2.324956, -37.123863, E, F, , F, , , , , , , , , 
11, 207.296000, 2.154740, -36.810059, E, F, , F, , , , , , , , , 
11, 207.968000, 1.979218, -36.450344, E, F, , F, , , , , , , , , 
11, 208.352000, 1.843176, -36.120865, E, F, , F, , , , , , , , , 
11, 208.736000, 1.745554, -35.778684, E, F, , F, , , , , , , , , 
11, 209.120000, 1.687432, -35.427518, E, F, , F, , , , , , , , , 
11, 209.504000, 1.669661, -35.072405, E, F, , F, , , , , , , , , 
11, 209.888000, 1.689988, -34.717560, E, F, , F, , , , , , , , , 
11, 210.272000, 1.688373, -34.355383, E, F, , F, , , , , , , , , 
11, 210.720000, 1.646801, -33.937685, E, F, , F, , , , , , , , , 
11, 211.104000, 1.577398, -33.581973, E, F, , F, , , , , , , , , 
11, 211.488000, 1.514536, -33.241918, E, F, , F, , , , , , , , , 
11, 211.872000, 1.500845, -32.885061, E, F, , F, , , , , , , , , 
11, 212.256000, 1.528805, -32.533000, E, F, , F, , , , , , , , , 
11, 212.640000, 1.594929, -32.184097, E, F, , F, , , , , , , , , 
11, 213.024000, 1.672950, -31.835566, E, F, , F, , , , , , , , , 
11, 213.344000, 1.717863, -31.537784, E, F, , F, , , , , , , , , 
11, 213.792000, 1.779567, -31.126005, E, F, , F, , , , , , , , , 
11, 214.304000, 1.864094, -30.655704, E, F, , F, , , , , , , , , 
11, 214.688000, 1.954615, -30.312387, E, F, , F, , , , , , , , , 
11, 215.072000, 2.081972, -29.981381, E, F, , F, , , , , , , , , 
11, 215.456000, 2.194174, -29.644408, E, F, , F, , , , , , , , , 
11, 215.776000, 2.316484, -29.370428, E, F, , F, , , , , , , , , 
11, 216.160000, 2.492662, -29.061707, E, F, , F, , , , , , , , , 
11, 216.544000, 2.652254, -28.736792, E, F, , F, , , , , , , , , 
11, 216.928000, 2.786578, -28.400731, E, F, , F, , , , , , , , , 
11, 217.312000, 2.895003, -28.054936, E, F, , F, , , , , , , , , 
11, 217.696000, 2.979040, -27.702913, E, F, , F, , , , , , , , , 
11, 218.080000, 3.093288, -27.366129, E, F, , F, , , , , , , , , 
11, 218.464000, 3.188156, -27.016928, E, F, , F, , , , , , , , , 
11, 218.848000, 3.256052, -26.661234, E, F, , F, , , , , , , , , 
11, 219.232000, 3.296685, -26.302210, E, F, , F, , , , , , , , , 
11, 219.616000, 3.314995, -25.947900, E, F, , F, , , , , , , , , 
11, 219.936000, 3.359939, -25.650539, E, F, , F, , , , , , , , , 
11, 220.320000, 3.447156, -25.306614, E, F, , F, , , , , , , , , 
11, 220.704000, 3.516029, -24.950676, E, F, , F, , , , , , , , , 
11, 221.088000, 3.615709, -24.609336, E, F, , F, , , , , , , , , 
11, 221.472000, 3.699395, -24.264817, E, F, , F, , , , , , , , , 
11, 221.920000, 3.825074, -23.870668, E, F, , F, , , , , , , , , 
11, 222.368000, 3.944022, -23.469748, E, F, , F, , , , , , , , , 
11, 222.752000, 4.084429, -23.145607, E, F, , F, , , , , , , , , 
11, 223.264000, 4.284919, -22.710703, E, F, , F, , , , , , , , , 
11, 223.648000, 4.405187, -22.372063, E, F, , F, , , , , , , , , 
11, 224.032000, 4.505743, -22.031722, E, F, , F, , , , , , , , , 
11, 224.352000, 4.616982, -21.751923, E, F, , F, , , , , , , , , 
11, 224.736000, 4.726381, -21.413253, E, F, , F, , , , , , , , , 
11, 225.120000, 4.809943, -21.061418, E, F, , F, , , , , , , , , 
11, 225.504000, 4.869082, -20.705111, E, F, , F, , , , , , , , , 
11, 225.888000, 4.960314, -20.361931, E, F, , F, , , , , , , , , 
11, 226.272000, 5.036568, -20.015236, E, F, , F, , , , , , , , , 
11, 226.656000, 5.150287, -19.677123, E, F, , F, , , , , , , , , 
11, 226.976000, 5.273009, -19.402290, E, F, , F, , , , , , , , , 
11, 227.360000, 5.395747, -19.064046, E, F, , F, , , , , , , , , 
11, 227.744000, 5.492609, -18.716297, E, F, , F, , , , , , , , , 
11, 228.128000, 5.565252, -18.361498, E, F, , F, , , , , , , , , 
11, 228.512000, 5.671878, -18.022607, E, F, , F, , , , , , , , , 
11, 228.896000, 5.814342, -17.697756, E, F, , F, , , , , , , , , 
11, 229.568000, 5.959269, -17.329516, E, F, , F, , , , , , , , , 
11, 229.952000, 6.104362, -17.021888, E, F, , F, , , , , , , , , 
11, 230.400000, 6.300664, -16.651200, E, F, , F, , , , , , , , , 
11, 230.784000, 6.444816, -16.319629, E, F, , F, , , , , , , , , 
11, 231.168000, 6.563274, -15.977828, E, F, , F, , , , , , , , , 
11, 231.552000, 6.655595, -15.627091, E, F, , F, , , , , , , , , 
11, 231.936000, 6.716451, -15.270923, E, F, , F, , , , , , , , , 
11, 232.320000, 6.750145, -14.911515, E, F, , F, , , , , , , , , 
11, 233.120000, 6.827409, -14.457659, E, F, , F, , , , , , , , , 
11, 233.504000, 6.917166, -14.111546, E, F, , F, , , , , , , , , 
11, 233.888000, 7.041861, -13.779275, E, F, , F, , , , , , , , , 
11, 234.560000, 7.165726, -13.462648, E, F, , F, , , , , , , , , 
11, 234.944000, 7.295859, -13.124958, E, F, , F, , , , , , , , , 
11, 235.328000, 7.457042, -12.805748, E, F, , F, , , , , , , , , 
11, 235.712000, 7.651250, -12.509641, E, F, , F, , , , , , , , , 
11, 236.096000, 7.878719, -12.235671, E, F, , F, , , , , , , , , 
11, 236.480000, 8.135501, -11.989522, E, F, , F, , , , , , , , , 
11, 236.864000, 8.415987, -11.772581, E, F, , F, , , , , , , , , 
11, 237.312000, 8.725911, -11.489978, E, F, , F, , , , , , , , , 
11, 237.696000, 8.973473, -11.224919, E, F, , F, , , , , , , , , 
11, 238.080000, 9.214829, -10.965657, E, F, , F, , , , , , , , , 
11, 238.464000, 9.467884, -10.707003, E, F, , F, , , , , , , , , 
11, 238.848000, 9.718982, -10.457009, E, F, , F, , , , , , , , , 
11, 239.232000, 9.997545, -10.235645, E, F, , F, , , , , , , , , 
11, 239.616000, 10.286772, -10.017908, E, F, , F, , , , , , , , , 
11, 240.000000, 10.571083, -9.809452, E, F, , F, , , , , , , , , 
11, 240.384000, 10.870636, -9.628425, E, F, , F, , , , , , , , , 
11, 240.768000, 11.193262, -9.478211, E, F, , F, , , , , , , , , 
11, 241.152000, 11.530666, -9.365577, E, F, , F, , , , , , , , , 
11, 241.536000, 11.876865, -9.259787, E, F, , F, , , , , , , , , 
11, 241.920000, 12.215893, -9.160865, E, F, , F, , , , , , , , , 
11, 242.240000, 12.507962, -9.086062, E, F, , F, , , , , , , , , 
11, 243.104000, 12.803757, -8.999723, E, F, , F, , , , , , , , , 
11, 248.480000, 13.090974, -9.095268, E, F, , F, , , , , , , , , 
11, 251.744000, 13.017995, -9.511491, E, F, , F, , , , , , , , , 
11, 252.128000, 12.883481, -9.842546, E, F, , F, , , , , , , , , 
11, 252.512000, 12.713869, -10.153328, E, F, , F, , , , , , , , , 
11, 252.896000, 12.532591, -10.466788, E, F, , F, , , , , , , , , 
11, 253.280000, 12.351811, -10.770388, E, F, , F, , , , , , , , , 
11, 253.664000, 12.134457, -11.052873, E, F, , F, , , , , , , , , 
11, 254.048000, 11.888219, -11.307681, E, F, , F, , , , , , , , , 
11, 254.432000, 11.629841, -11.561558, E, F, , F, , , , , , , , , 
11, 254.816000, 11.391875, -11.832998, E, F, , F, , , , , , , , , 
11, 255.200000, 11.155777, -12.096838, E, F, , F, , , , , , , , , 
11, 255.520000, 10.947913, -12.313504, E, F, , F, , , , , , , , , 
11, 255.968000, 10.658688, -12.615912, E, F, , F, , , , , , , , , 
11, 256.352000, 10.401718, -12.868747, E, F, , F, , , , , , , , , 
11, 256.736000, 10.163871, -13.140017, E, F, , F, , , , , , , , , 
11, 257.120000, 9.925414, -13.404040, E, F, , F, , , , , , , , , 
11, 257.504000, 9.676768, -13.664756, E, F, , F, , , , , , , , , 
11, 257.888000, 9.427426, -13.921332, E, F, , F, , , , , , , , , 
11, 258.272000, 9.154656, -14.145517, E, F, , F, , , , , , , , , 
11, 258.656000, 8.855207, -14.339588, E, F, , F, , , , , , , , , 
11, 259.040000, 8.538642, -14.497201, E, F, , F, , , , , , , , , 
11, 259.424000, 8.205981, -14.618295, E, F, , F, , , , , , , , , 
11, 259.808000, 7.859481, -14.701390, E, F, , F, , , , , , , , , 
11, 260.192000, 7.516103, -14.744463, E, F, , F, , , , , , , , , 
11, 260.576000, 7.155504, -14.778985, E, F, , F, , , , , , , , , 
11, 260.896000, 6.858183, -14.827721, E, F, , F, , , , , , , , , 
11, 261.408000, 6.396094, -14.946582, E, F, , F, , , , , , , , , 
11, 261.792000, 6.046485, -15.008693, E, F, , F, , , , , , , , , 
11, 262.176000, 5.695310, -15.032804, E, F, , F, , , , , , , , , 
11, 262.560000, 5.338986, -15.019391, E, F, , F, , , , , , , , , 
11, 262.944000, 4.985127, -14.965660, E, F, , F, , , , , , , , , 
11, 263.328000, 4.648245, -14.868898, E, F, , F, , , , , , , , , 
11, 263.712000, 4.320383, -14.733328, E, F, , F, , , , , , , , , 
11, 264.160000, 3.920205, -14.604915, E, F, , F, , , , , , , , , 
11, 264.608000, 3.521805, -14.482759, E, F, , F, , , , , , , , , 
11, 264.992000, 3.198433, -14.340073, E, F, , F, , , , , , , , , 
11, 265.376000, 2.900805, -14.161734, E, F, , F, , , , , , , , , 
11, 265.760000, 2.613453, -13.948718, E, F, , F, , , , , , , , , 
11, 266.080000, 2.378500, -13.762144, E, F, , F, , , , , , , , , 
11, 266.464000, 2.081106, -13.557957, E, F, , F, , , , , , , , , 
11, 266.848000, 1.788739, -13.357376, E, F, , F, , , , , , , , , 
11, 267.232000, 1.494819, -13.146504, E, F, , F, , , , , , , , , 
11, 267.616000, 1.187463, -12.958953, E, F, , F, , , , , , , , , 
11, 268.000000, 0.886278, -12.770503, E, F, , F, , , , , , , , , 
11, 268.384000, 0.584252, -12.570959, E, F, , F, , , , , , , , , 
11, 268.768000, 0.268574, -12.394691, E, F, , F, , , , , , , , , 
11, 269.152000, -0.039720, -12.217954, E, F, , F, , , , , , , , , 
11, 269.632000, -0.325425, -12.049861, E, F, , F, , , , , , , , , 
11, 270.048000, -0.608277, -11.924351, E, F, , F, , , , , , , , , 
11, 270.432000, -0.918969, -11.749634, E, F, , F, , , , , , , , , 
11, 270.752000, -1.188050, -11.616796, E, F, , F, , , , , , , , , 
11, 271.136000, -1.487706, -11.429933, E, F, , F, , , , , , , , , 
11, 271.456000, -1.749924, -11.283915, E, F, , F, , , , , , , , , 
11, 271.840000, -2.042133, -11.081100, E, F, , F, , , , , , , , , 
11, 272.224000, -2.309649, -10.846595, E, F, , F, , , , , , , , , 
11, 272.608000, -2.548618, -10.583873, E, F, , F, , , , , , , , , 
11, 272.992000, -2.752994, -10.297134, E, F, , F, , , , , , , , , 
11, 273.376000, -2.923344, -9.985332, E, F, , F, , , , , , , , , 
11, 273.760000, -3.057212, -9.657926, E, F, , F, , , , , , , , , 
11, 274.336000, -3.162467, -9.298360, E, F, , F, , , , , , , , , 
11, 275.424000, -3.242731, -8.993883, E, F, , F, , , , , , , , , 
11, 282.880000, -3.490425, -9.165146, E, F, , F, , , , , , , , , 
11, 284.032000, -3.638108, -9.579396, E, F, , F, , , , , , , , , 
11, 284.416000, -3.782981, -9.904510, E, F, , F, , , , , , , , , 
11, 284.800000, -3.963860, -10.210803, E, F, , F, , , , , , , , , 
11, 285.184000, -4.176352, -10.496130, E, F, , F, , , , , , , , , 
11, 285.568000, -4.374359, -10.799148, E, F, , F, , , , , , , , , 
11, 285.952000, -4.550901, -11.115116, E, F, , F, , , , , , , , , 
11, 286.336000, -4.752555, -11.408554, E, F, , F, , , , , , , , , 
11, 286.720000, -4.938611, -11.718859, E, F, , F, , , , , , , , , 
11, 287.104000, -5.100704, -12.042239, E, F, , F, , , , , , , , , 
11, 287.488000, -5.237736, -12.377255, E, F, , F, , , , , , , , , 
11, 287.872000, -5.351065, -12.721340, E, F, , F, , , , , , , , , 
11, 288.512000, -5.528749, -13.070576, E, F, , F, , , , , , , , , 
11, 288.896000, -5.675048, -13.397198, E, F, , F, , , , , , , , , 
11, 289.280000, -5.819038, -13.721821, E, F, , F, , , , , , , , , 
11, 289.600000, -5.950098, -13.992885, E, F, , F, , , , , , , , , 
11, 289.984000, -6.083792, -14.326669, E, F, , F, , , , , , , , , 
11, 290.368000, -6.191317, -14.672567, E, F, , F, , , , , , , , , 
11, 290.752000, -6.272161, -15.022784, E, F, , F, , , , , , , , , 
11, 291.200000, -6.359356, -15.430484, E, F, , F, , , , , , , , , 
11, 291.584000, -6.448630, -15.780314, E, F, , F, , , , , , , , , 
11, 291.968000, -6.541038, -16.123621, E, F, , F, , , , , , , , , 
11, 292.352000, -6.671387, -16.455538, E, F, , F, , , , , , , , , 
11, 292.736000, -6.812122, -16.787086, E, F, , F, , , , , , , , , 
11, 293.120000, -6.929521, -17.128342, E, F, , F, , , , , , , , , 
11, 293.440000, -7.007618, -17.418584, E, F, , F, , , , , , , , , 
11, 293.888000, -7.115013, -17.822794, E, F, , F, , , , , , , , , 
11, 294.272000, -7.218349, -18.166906, E, F, , F, , , , , , , , , 
11, 294.656000, -7.323901, -18.499984, E, F, , F, , , , , , , , , 
11, 295.136000, -7.434126, -18.812956, E, F, , F, , , , , , , , , 
11, 296.256000, -7.505627, -19.114563, E, F, , F, , , , , , , , , 
11, 302.624000, -7.233168, -19.240756, E, F, , F, , , , , , , , , 
11, 304.128000, -6.935208, -19.204811, E, F, , F, , , , , , , , , 
11, 305.216000, -6.621935, -19.168004, E, F, , F, , , , , , , , , 
11, 306.304000, -6.308084, -19.136502, E, F, , F, , , , , , , , , 
11, 307.392000, -5.993749, -19.110279, E, F, , F, , , , , , , , , 
11, 308.608000, -5.670773, -19.079101, E, F, , F, , , , , , , , , 
11, 309.824000, -5.218757, -18.960690, E, F, , F, , , , , , , , , 
11, 311.104000, -4.833110, -18.831417, E, F, , F, , , , , , , , , 
11, 311.424000, -4.560418, -18.703955, E, F, , F, , , , , , , , , 
11, 312.128000, -4.148379, -18.472356, E, F, , F, , , , , , , , , 
11, 312.512000, -3.853570, -18.268991, E, F, , F, , , , , , , , , 
11, 313.024000, -3.488236, -17.958221, E, F, , F, , , , , , , , , 
11, 313.408000, -3.237699, -17.697369, E, F, , F, , , , , , , , , 
11, 313.792000, -3.007314, -17.419269, E, F, , F, , , , , , , , , 
11, 314.176000, -2.756840, -17.167727, E, F, , F, , , , , , , , , 
11, 314.560000, -2.516477, -16.897885, E, F, , F, , , , , , , , , 
11, 314.944000, -2.254223, -16.658211, E, F, , F, , , , , , , , , 
11, 315.584000, -1.925329, -16.448566, E, F, , F, , , , , , , , , 
11, 316.032000, -1.551878, -16.270120, E, F, , F, , , , , , , , , 
11, 316.416000, -1.236814, -16.092405, E, F, , F, , , , , , , , , 
11, 317.312000, -0.727729, -15.849003, E, F, , F, , , , , , , , , 
11, 317.632000, -0.443864, -15.748055, E, F, , F, , , , , , , , , 
11, 318.016000, -0.098227, -15.662690, E, F, , F, , , , , , , , , 
11, 318.400000, 0.254757, -15.614679, E, F, , F, , , , , , , , , 
11, 318.848000, 0.664697, -15.524492, E, F, , F, , , , , , , , , 
11, 319.232000, 1.012248, -15.417745, E, F, , F, , , , , , , , , 
11, 319.680000, 1.405743, -15.293107, E, F, , F, , , , , , , , , 
11, 320.064000, 1.754869, -15.195310, E, F, , F, , , , , , , , , 
11, 320.448000, 2.094893, -15.072147, E, F, , F, , , , , , , , , 
11, 320.832000, 2.416094, -14.923971, E, F, , F, , , , , , , , , 
11, 321.216000, 2.737639, -14.777103, E, F, , F, , , , , , , , , 
11, 321.600000, 3.071104, -14.636052, E, F, , F, , , , , , , , , 
11, 321.984000, 3.391205, -14.471053, E, F, , F, , , , , , , , , 
11, 322.784000, 3.829219, -14.215280, E, F, , F, , , , , , , , , 
11, 327.872000, 4.970824, -12.587427, E, F, , T, , , , , 200.714967, , , , 
11, 327.904000, 4.971330, -12.586444, T, F, R, , , , , , , , 
11, 333.408000, 4.955102, -12.600721, T, F, R, , , , , , , , 
11, 340.800000, 6.571775, -15.994190, T, F, R, , , , , , , , 
11, 349.216000, 3.044225, -17.106292, T, F, R, , , , , , , , 
11, 355.872000, -0.810687, -16.415046, T, F, R, , , , , , , , 
11, 361.344000, -4.442284, -14.943899, T, F, R, , , , , , , , 
11, 368.128000, -8.393638, -15.273388, T, F, R, , , , , , , , 
11, 374.720000, -12.349537, -15.734753, T, F, R, , , , , , , , 
11, 383.040000, -11.789500, -12.049838, T, F, R, , , , , , , , 
11, 390.336000, -14.654059, -9.499100, T, F, R, , , , , , , , 
11, 396.832000, -18.613809, -8.821038, T, F, R, , , , , , , , 
11, 403.424000, -21.887366, -6.750922, T, F, R, , , , , , , , 
11, 410.912000, -22.063404, -2.828555, T, F, R, , , , , , , , 
11, 417.152000, -23.591420, 0.477985, T, F, R, , , , , , , , 
11, 421.920000, -25.622324, 2.436057, T, F, R, , , , , , , , 
11, 425.920000, -27.280434, 3.078840, T, F, R, , , , , , , , 
11, 432.288000, -31.003627, 2.266108, T, F, R, , , , , , , , 
11, 437.920000, -34.344624, 0.912560, T, F, R, , , , , , , , 
11, 443.392000, -36.904928, 1.419495, T, F, R, , , , , , , , 
11, 446.592000, -37.228648, 1.901983, T, F, F, , , , , , 61.419842, , , , 
11, 446.592000, -37.228648, 1.901983, T, F, F, , , , , , , , , , 
11, 452.032000, -37.216361, 1.865874, T, F, F, , , , , , , , , , 
11, 467.808000, -34.330277, 0.899713, T, F, F, , , , , , , , , , 
11, 474.272000, -31.009506, 2.256353, T, F, F, , , , , , , , , , 
11, 480.096000, -27.288971, 3.081440, T, F, F, , , , , , , , , , 
11, 484.224000, -25.638264, 2.449528, T, F, F, , , , , , , , , , 
11, 489.056000, -23.594338, 0.490710, T, F, F, , , , , , , , , , 
11, 494.976000, -22.061018, -2.822455, T, F, F, , , , , , , , , , 
11, 501.280000, -21.882935, -6.773656, T, F, F, , , , , , , , , , 
11, 508.480000, -18.604139, -8.821611, T, F, F, , , , , , , , , , 
11, 514.592000, -14.649593, -9.495315, T, F, F, , , , , , , , , , 
11, 521.248000, -11.793426, -12.055311, T, F, F, , , , , , , , , , 
11, 527.776000, -12.356815, -15.734039, T, F, F, , , , , , , , , , 
11, 545.088000, -8.410008, -15.282896, T, F, F, , , , , , , , , , 
11, 556.896000, -4.443218, -14.925021, T, F, F, , , , , , , , , , 
11, 562.880000, -0.820893, -16.409611, T, F, F, , , , , , , , , , 
11, 568.992000, 3.043140, -17.106529, T, F, F, , , , , , , , , , 
11, 575.392000, 6.569017, -15.977824, T, F, F, , , , , , , , , , 
11, 584.032000, 4.967912, -12.580699, T, F, R, , , , , , , , 
11, 589.440000, 4.982697, -12.594544, T, F, R, , , , , , , , 
11, 594.624000, 6.562424, -15.976207, T, F, R, , , , , , , , 
11, 602.848000, 3.049197, -17.105040, T, F, R, , , , , , , , 
11, 608.896000, -0.807986, -16.417039, T, F, R, , , , , , , , 
11, 615.136000, -4.445259, -14.940164, T, F, R, , , , , , , , 
11, 621.920000, -8.391567, -15.272117, T, F, R, , , , , , , , 
11, 629.856000, -12.373655, -15.738335, T, F, R, , , , , , , , 
11, 639.872000, -11.787420, -12.043243, T, F, R, , , , , , , , 
11, 646.976000, -14.647876, -9.502373, T, F, R, , , , , , , , 
11, 653.536000, -18.598527, -8.824717, T, F, R, , , , , , , , 
11, 660.064000, -21.902365, -6.739823, T, F, R, , , , , , , , 
11, 666.816000, -22.065171, -2.825318, T, F, R, , , , , , , , 
11, 673.120000, -23.598562, 0.489237, T, F, R, , , , , , , , 
11, 678.336000, -25.624361, 2.438676, T, F, R, , , , , , , , 
11, 681.952000, -27.281783, 3.078476, T, F, R, , , , , , , , 
11, 688.352000, -31.005089, 2.267539, T, F, R, , , , , , , , 
11, 693.568000, -34.340560, 0.912815, T, F, R, , , , , , , , 
11, 699.328000, -37.202996, 1.869282, T, F, F, , , , , , 61.282872, , , , 
11, 699.328000, -37.202996, 1.869282, T, F, F, , , , , , , , , , 
11, 699.712000, -37.215694, 1.877190, T, F, F, , , , , , , , , , 
11, 709.504000, -34.334108, 0.913029, T, F, F, , , , , , , , , , 
11, 716.000000, -31.007705, 2.253658, T, F, F, , , , , , , , , , 
11, 721.888000, -27.287205, 3.080980, T, F, F, , , , , , , , , , 
11, 726.240000, -25.627520, 2.446184, T, F, F, , , , , , , , , , 
11, 731.424000, -23.594145, 0.491728, T, F, F, , , , , , , , , , 
11, 736.992000, -22.066961, -2.813044, T, F, F, , , , , , , , , , 
11, 742.976000, -21.883059, -6.745531, T, F, F, , , , , , , , , , 
11, 749.824000, -18.606314, -8.821043, T, F, F, , , , , , , , , , 
11, 756.224000, -14.630774, -9.495819, T, F, F, , , , , , , , , , 
11, 762.272000, -11.789843, -12.060457, T, F, F, , , , , , , , , , 
11, 769.120000, -12.353023, -15.718741, T, F, F, , , , , , , , , , 
11, 777.856000, -8.377731, -15.273704, T, F, F, , , , , , , , , , 
11, 783.904000, -4.443284, -14.942421, T, F, F, , , , , , , , , , 
11, 790.400000, -0.812091, -16.411414, T, F, F, , , , , , , , , , 
11, 796.256000, 3.034837, -17.102337, T, F, F, , , , , , , , , , 
11, 802.464000, 6.561463, -15.981499, T, F, F, , , , , , , , , , 
11, 810.624000, 4.964370, -12.582142, T, F, R, , , , , , , , 
11, 815.424000, 4.971608, -12.600647, T, F, R, , , , , , , , 
11, 821.152000, 6.561472, -15.977878, T, F, R, , , , , , , , 
11, 829.600000, 3.036002, -17.108701, T, F, R, , , , , , , , 
11, 839.904000, -0.817155, -16.400539, T, F, R, , , , , , , , 
11, 848.736000, -4.446749, -14.934964, T, F, R, , , , , , , , 
11, 855.264000, -8.394681, -15.277017, T, F, R, , , , , , , , 
11, 861.120000, -12.378825, -15.733154, T, F, R, , , , , , , , 
11, 871.584000, -11.796093, -12.031377, T, F, R, , , , , , , , 
11, 876.640000, -14.660153, -9.479001, T, F, R, , , , , , , , 
11, 883.328000, -18.604187, -8.821226, T, F, R, , , , , , , , 
11, 889.824000, -21.872741, -6.761346, T, F, R, , , , , , , , 
11, 897.280000, -22.063120, -2.820501, T, F, R, , , , , , , , 
11, 901.280000, -23.121968, -0.523711, T, T, , , 3, E, T, F, 1.000000, 0.500000, 18, 0, 
11, 904.160000, -23.595618, 0.479125, T, F, R, , , , , , , , 
11, 909.472000, -25.650188, 2.461571, T, F, R, , , , , , , , 
11, 913.504000, -27.288213, 3.083590, T, F, R, , , , , , , , 
11, 920.928000, -31.021075, 2.251567, T, F, R, , , , , , , , 
11, 923.808000, -32.756242, 1.572930, T, T, , , 7, E, T, F, 1.000000, 0.500000, 18, 0, 
11, 927.296000, -34.337520, 0.909796, T, F, R, , , , , , , , 
11, 933.152000, -37.209095, 1.870421, T, F, F, , , , , , 61.282872, , , , 
11, 933.152000, -37.209095, 1.870421, T, F, F, , , , , , , , , , 
11, 934.784000, -37.211088, 1.885975, T, F, F, , , , , , , , , , 
11, 944.352000, -36.729791, 1.220186, T, T, , , 12, T, T, T, 61.282872, 60.773212, 18, 18, 
11, 944.352000, -36.729791, 1.220186, T, F, F, , , , , , , , , , 
11, 950.752000, -34.478956, 0.405591, T, F, F, , , , , , , , , , 
11, 957.920000, -31.013379, 2.249619, T, F, F, , , , , , , , , , 
11, 963.200000, -27.290356, 3.087810, T, F, F, , , , , , , , , , 
11, 967.232000, -25.634304, 2.446432, T, F, F, , , , , , , , , , 
11, 979.584000, -23.608168, 0.499679, T, F, F, , , , , , , , , , 
11, 988.832000, -22.065614, -2.824469, T, F, F, , , , , , , , , , 
11, 995.360000, -21.885629, -6.751943, T, F, F, , , , , , , , , , 
11, 1001.856000, -18.601733, -8.835013, T, F, F, , , , , , , , , , 
11, 1008.064000, -14.666233, -9.492401, T, F, F, , , , , , , , , , 
11, 1014.272000, -11.791049, -12.058386, T, F, F, , , , , , , , , , 
11, 1019.552000, -12.046520, -13.825589, T, T, , , 9, T, T, T, 60.773212, 60.773212, 18, 116, 
11, 1019.552000, -12.046520, -13.825589, T, F, F, , , , , , , , , , 
11, 1023.264000, -12.354852, -15.722051, T, F, F, , , , , , , , , , 
11, 1031.872000, -8.388550, -15.275443, T, F, F, , , , , , , , , , 
11, 1038.016000, -4.447134, -14.943135, T, F, F, , , , , , , , , , 
11, 1045.152000, -0.782105, -16.426354, T, F, F, , , , , , , , , , 
11, 1050.880000, 3.039953, -17.104392, T, F, F, , , , , , , , , , 
11, 1057.056000, 6.557845, -15.982034, T, F, F, , , , , , , , , , 
11, 1065.152000, 4.976396, -12.594319, T, F, R, , , , , , , , 
11, 1065.760000, 4.965104, -12.583369, T, F, R, , , , , , , , 
11, 1075.072000, 5.067075, -12.777214, T, T, , , 4, T, T, T, 60.773212, 60.773212, 18, 46, 
11, 1075.072000, 5.067075, -12.777214, T, F, R, , , , , , , , 
11, 1080.448000, 6.563570, -15.973521, T, F, R, , , , , , , , 
11, 1088.608000, 3.051134, -17.105267, T, F, R, , , , , , , , 
11, 1095.296000, -0.806099, -16.415437, T, F, R, , , , , , , , 
11, 1100.576000, -4.449841, -14.950789, T, F, R, , , , , , , , 
11, 1108.352000, -8.400487, -15.269217, T, F, R, , , , , , , , 
11, 1115.040000, -12.344134, -15.730875, T, F, R, , , , , , , , 
11, 1129.696000, -12.357068, -14.102749, T, T, , , 13, T, T, T, 60.773212, 54.488690, 18, 15, 
11, 1129.696000, -12.357068, -14.102749, T, F, R, , , , , , , , 
11, 1139.520000, -12.142858, -10.913821, T, F, R, , , , , , , , 
11, 1142.784000, -12.684516, -10.806551, T, T, , , 10, T, T, T, 54.488690, 51.607700, 15, 38, 
11, 1142.784000, -12.684516, -10.806551, T, F, R, , , , , , , , 
11, 1157.472000, -15.915961, -10.128896, T, F, R, , , , , , , , 
11, 1163.968000, -19.784076, -9.582841, T, F, R, , , , , , , , 
11, 1182.144000, -21.538956, -6.905090, T, T, , , 6, T, T, T, 51.607700, 51.236860, 38, 17, 
11, 1182.144000, -21.538956, -6.905090, T, F, R, , , , , , , , 
11, 1193.504000, -22.541069, -2.774973, T, F, R, , , , , , , , 
11, 1197.728000, -22.486479, -3.173990, T, T, , , 2, T, T, T, 51.236860, 51.236860, 17, 17, 
11, 1197.728000, -22.486479, -3.173990, T, F, R, , , , , , , , 
11, 1207.072000, -22.564854, -3.023671, T, T, , , 14, T, T, T, 51.236860, 51.236860, 17, 17, 
11, 1207.072000, -22.564854, -3.023671, T, F, R, , , , , , , , 
11, 1219.488000, -22.868683, -2.219399, T, T, , , 8, T, T, T, 51.236860, 51.236860, 17, 17, 
11, 1219.488000, -22.868683, -2.219399, T, F, R, , , , , , , , 
11, 1278.752000, -28.339718, 1.687069, T, F, R, , , , , , , , 
11, 1292.288000, -32.199889, 2.097876, T, F, R, , , , , , , , 
11, 1294.016000, -32.552436, 2.120383, T, F, R, , , , , , , , 
11, 1295.712000, -32.911064, 2.174517, T, F, R, , , , , , , , 
11, 1297.152000, -33.258685, 2.250693, T, F, R, , , , , , , , 
11, 1299.680000, -33.802701, 2.361933, T, F, F, , , , , , 51.236860, , , , 
11, 1299.680000, -33.802701, 2.361933, T, F, F, , , , , , , , , , 
11, 1304.640000, -33.767785, 2.371423, T, F, F, , , , , , , , , , 
11, 1308.352000, -32.174795, 2.085807, T, F, F, , , , , , , , , , 
11, 1319.584000, -28.335236, 1.682283, T, F, F, , , , , , , , , , 
11, 1334.560000, -24.664877, -1.442811, T, T, , , 5, T, T, T, 51.234574, 51.531585, 14, 13, 
11, 1334.560000, -24.664877, -1.442811, T, F, F, , , , , , , , , , 
11, 1345.408000, -22.189906, -6.502139, T, F, F, , , , , , , , , , 
11, 1352.032000, -19.787669, -9.585455, T, F, F, , , , , , , , , , 
11, 1359.072000, -15.919008, -10.134843, T, F, F, , , , , , , , , , 
11, 1368.224000, -12.129976, -10.910209, T, F, F, , , , , , , , , , 
11, 1375.360000, -11.450205, -14.703683, T, F, F, , , , , , , , , , 
11, 1381.408000, -9.194586, -17.774762, T, F, F, , , , , , , , , , 
11, 1390.848000, -5.648105, -16.589458, T, F, F, , , , , , , , , , 
11, 1394.688000, -5.914919, -16.891853, T, T, , , 1, T, T, T, 51.531585, 49.795176, 13, 13, 
11, 1394.688000, -5.914919, -16.891853, T, F, F, , , , , , , , , , 
11, 1411.552000, -1.959052, -16.235386, T, T, , , 15, T, T, T, 49.795176, 49.795176, 13, 13, 
11, 1411.552000, -1.959052, -16.235386, T, F, F, , , , , , , , , , 
11, 1482.944000, 1.344778, -13.816595, T, F, F, , , , , , , , , , 
11, 1514.016000, 4.057922, -13.956643, T, T, , , 3, T, T, T, 49.795176, 49.795176, 13, 13, 
11, 1514.048000, 4.056587, -13.958242, T, F, R, , , , , , , , 
11, 1538.560000, 4.946986, -12.594961, T, F, R, , , , , , , , 
11, 1544.512000, 1.351420, -13.821887, T, F, R, , , , , , , , 
11, 1551.040000, -1.842844, -16.213209, T, F, R, , , , , , , , 
11, 1579.040000, -5.682457, -16.618596, T, F, R, , , , , , , , 
11, 1614.400000, -6.737474, -15.977439, T, T, , , 7, T, T, T, 49.795176, 49.795176, 13, 13, 
11, 1614.400000, -6.737474, -15.977439, T, F, R, , , , , , , , 
11, 1637.728000, -11.467661, -14.718884, T, F, R, , , , , , , , 
11, 1676.256000, -11.691494, -11.583557, T, T, , , 4, T, T, T, 49.795176, 49.795176, 13, 13, 
11, 1676.256000, -11.691494, -11.583557, T, F, R, , , , , , , , 
11, 1696.128000, -15.925775, -10.147360, T, F, R, , , , , , , , 
11, 1722.240000, -19.794020, -9.579046, T, F, R, , , , , , , , 
11, 1730.432000, -22.197684, -6.500556, T, F, R, , , , , , , , 
11, 1738.464000, -22.543680, -2.782913, T, F, R, , , , , , , , 
11, 1761.536000, -28.331684, 1.682145, T, F, R, , , , , , , , 
11, 1781.760000, -31.639409, 2.064560, T, T, , , 9, T, T, T, 49.795176, 49.795176, 13, 13, 
11, 1781.760000, -31.639409, 2.064560, T, F, R, , , , , , , , 
11, 1804.128000, -33.781928, 2.360549, T, F, F, , , , , , 49.795176, , , , 
11, 1804.128000, -33.781928, 2.360549, T, F, F, , , , , , , , , , 
11, 1809.056000, -33.763094, 2.354294, T, F, F, , , , , , , , , , 
11, 1832.032000, -32.197819, 2.094593, T, F, F, , , , , , , , , , 
11, 1843.968000, -29.464859, 1.359316, T, T, , , 13, T, T, T, 49.795176, 49.795176, 13, 13, 
11, 1843.968000, -29.464859, 1.359316, T, F, F, , , , , , , , , , 
11, 1850.784000, -25.700511, -0.936698, T, T, , , 10, T, T, T, 49.795176, 49.795176, 13, 13, 
11, 1850.784000, -25.700511, -0.936698, T, F, F, , , , , , , , , , 
11, 1881.728000, -23.416298, -6.373961, T, T, , , 6, T, T, T, 49.795176, 49.795176, 13, 13, 
11, 1881.728000, -23.416298, -6.373961, T, F, F, , , , , , , , , , 
11, 1891.200000, -19.788906, -9.582799, T, F, F, , , , , , , , , , 
11, 1897.184000, -15.927840, -10.133535, T, F, F, , , , , , , , , , 
11, 1903.136000, -12.144994, -10.925314, T, F, F, , , , , , , , , , 
11, 1916.608000, -11.662157, -14.360273, T, T, , , 14, T, T, T, 49.795176, 49.795176, 13, 13, 
11, 1916.608000, -11.662157, -14.360273, T, F, F, , , , , , , , , , 
11, 1935.584000, -5.646918, -16.604234, T, F, F, , , , , , , , , , 
11, 1947.456000, -2.489442, -16.343816, T, T, , , 8, T, T, T, 49.795176, 49.795176, 13, 13, 
11, 1947.456000, -2.489442, -16.343816, T, F, F, , , , , , , , , , 
11, 1966.656000, -1.816246, -16.892801, T, T, , , 2, T, T, T, 49.795176, 49.795176, 13, 13, 
11, 1966.656000, -1.816246, -16.892801, T, F, F, , , , , , , , , , 
11, 1984.416000, 1.328818, -13.833994, T, F, F, , , , , , , , , , 
11, 1993.088000, 4.975977, -12.598177, T, F, R, , , , , , , , 
11, 1997.184000, 4.957515, -12.596900, T, F, R, , , , , , , , 
11, 2006.688000, 4.932434, -12.489834, T, T, , , 5, T, T, T, 49.795176, 49.795176, 13, 13, 
11, 2006.688000, 4.932434, -12.489834, T, F, R, , , , , , , , 
11, 2041.760000, 1.323083, -13.833874, T, F, R, , , , , , , , 
11, 2058.368000, -1.846962, -16.204169, T, F, R, , , , , , , , 
11, 2067.520000, -5.669043, -16.600734, T, F, R, , , , , , , , 
11, 2075.712000, -11.444071, -14.721502, T, F, R, , , , , , , , 
11, 2079.328000, -11.632107, -13.702941, T, T, , , 15, T, T, T, 49.795176, 49.795176, 13, 13, 
11, 2079.328000, -11.632107, -13.702941, T, F, R, , , , , , , , 
11, 2098.464000, -12.139330, -10.936512, T, F, R, , , , , , , , 
11, 2114.272000, -15.924955, -10.132295, T, F, R, , , , , , , , 
11, 2121.056000, -19.792797, -9.579573, T, F, R, , , , , , , , 
11, 2128.032000, -22.195220, -6.499189, T, F, R, , , , , , , , 
11, 2136.512000, -22.457925, -3.766568, T, T, , , 1, T, T, T, 49.795176, 49.795176, 13, 13, 
11, 2136.512000, -22.457925, -3.766568, T, F, R, , , , , , , , 
11, 2157.024000, -28.327666, 1.692942, T, F, R, , , , , , , , 
11, 2215.040000, -32.208646, 2.100236, T, F, R, , , , , , , , 
11, 2219.584000, -33.782781, 2.362006, T, F, F, , , , , , 49.795176, , , , 
11, 2219.584000, -33.782781, 2.362006, T, F, F, , , , , , , , , , 
11, 2224.928000, -33.765884, 2.358543, T, F, F, , , , , , , , , , 
11, 2353.632000, -29.228709, 3.155467, T, T, , , 3, T, T, T, 49.795176, 49.795176, 13, 13, 
11, 2353.632000, -29.228709, 3.155467, T, F, F, , , , , , , , , , 
11, 2357.664000, -28.939228, 2.976545, T, T, , , 4, T, T, T, 49.795176, 49.795176, 13, 13, 
11, 2357.664000, -28.939228, 2.976545, T, F, F, , , , , , , , , , 
11, 2368.416000, -22.551392, -2.768320, T, F, F, , , , , , , , , , 
11, 2375.392000, -22.191898, -6.527297, T, F, F, , , , , , , , , , 
11, 2382.304000, -19.792668, -9.579706, T, F, F, , , , , , , , , , 
11, 2386.784000, -17.634698, -9.891666, T, T, , , 7, T, T, T, 49.795176, 49.795176, 13, 13, 
11, 2386.784000, -17.634698, -9.891666, T, F, F, , , , , , , , , , 
11, 2402.688000, -17.322299, -10.374090, T, T, , , 12, T, T, T, 49.795176, 49.795176, 13, 13, 
11, 2402.688000, -17.322299, -10.374090, T, F, F, , , , , , , , , , 
11, 2534.016000, -14.113096, -9.684014, T, T, , , 9, T, T, T, 49.795176, 49.795176, 13, 13, 
11, 2534.016000, -14.113096, -9.684014, T, F, F, , , , , , , , , , 
11, 2546.880000, -13.587799, -10.768850, T, T, , , 6, T, T, T, 49.795176, 49.795176, 13, 13, 
11, 2546.880000, -13.587799, -10.768850, T, F, F, , , , , , , , , , 
11, 2554.816000, -11.441470, -14.720173, T, F, F, , , , , , , , , , 
11, 2564.064000, -5.676252, -16.600616, T, F, F, , , , , , , , , , 
11, 2574.848000, -3.974826, -16.709301, T, T, , , 2, T, T, T, 49.795176, 49.795176, 13, 13, 
11, 2574.848000, -3.974826, -16.709301, T, F, F, , , , , , , , , , 
11, 2598.048000, -2.092393, -16.954777, T, T, , , 14, T, T, T, 49.795176, 49.795176, 13, 13, 
11, 2598.048000, -2.092393, -16.954777, T, F, F, , , , , , , , , , 
11, 2614.624000, -0.083913, -16.670562, T, T, , , 10, T, T, T, 49.795176, 49.795176, 13, 13, 
11, 2614.624000, -0.083913, -16.670562, T, F, F, , , , , , , , , , 
11, 2649.120000, 1.331326, -13.823882, T, F, F, , , , , , , , , , 
11, 2658.272000, 4.973653, -12.589994, T, F, R, , , , , , , , 
11, 2663.488000, 4.952705, -12.591467, T, F, R, , , , , , , , 
11, 2683.744000, 1.337837, -13.831079, T, F, R, , , , , , , , 
11, 2686.144000, 1.337513, -13.831523, T, T, , , 5, T, T, T, 49.795176, 49.795176, 13, 13, 
11, 2686.144000, 1.337513, -13.831523, T, F, R, , , , , , , , 
11, 2751.168000, -1.683094, -15.291375, T, T, , , 1, T, T, T, 49.795176, 49.795176, 13, 13, 
11, 2751.168000, -1.683094, -15.291375, T, F, R, , , , , , , , 
11, 2753.856000, -2.544233, -15.538824, T, T, , , 13, T, T, T, 49.795176, 49.795176, 13, 13, 
11, 2753.856000, -2.544233, -15.538824, T, F, R, , , , , , , , 
11, 2758.720000, -5.662389, -16.597233, T, F, R, , , , , , , , 
11, 2767.456000, -11.455774, -14.714098, T, F, R, , , , , , , , 
11, 2784.000000, -12.135579, -10.920870, T, F, R, , , , , , , , 
11, 2797.536000, -15.937300, -10.128505, T, F, R, , , , , , , , 
11, 2803.936000, -19.797191, -9.579463, T, F, R, , , , , , , , 
11, 2826.176000, -22.185664, -6.488496, T, F, R, , , , , , , , 
11, 2835.264000, -22.540968, -2.753283, T, F, R, , , , , , , , 
11, 2854.112000, -28.326692, 1.684522, T, F, R, , , , , , , , 
11, 2859.520000, -31.934984, 2.064957, T, T, , , 15, T, T, T, 49.795176, 49.795176, 13, 13, 
11, 2859.520000, -31.934984, 2.064957, T, F, R, , , , , , , , 
11, 2872.704000, -33.763691, 2.362363, T, F, F, , , , , , 49.795176, , , , 
11, 2872.704000, -33.763691, 2.362363, T, F, F, , , , , , , , , , 
11, 2878.272000, -33.784467, 2.362046, T, F, F, , , , , , , , , , 
11, 2921.024000, -32.194109, 2.095372, T, F, F, , , , , , , , , , 
11, 2939.232000, -28.306560, 1.690827, T, F, F, , , , , , , , , , 
11, 2958.240000, -22.961119, -2.503943, T, T, , , 3, T, T, T, 49.795176, 49.795176, 13, 13, 
11, 2958.240000, -22.961119, -2.503943, T, F, F, , , , , , , , , , 
11, 2965.536000, -22.191480, -6.501192, T, F, F, , , , , , , , , , 
11, 3003.808000, -21.405283, -9.012215, T, T, , , 12, T, T, T, 49.795176, 49.795176, 13, 13, 
11, 3003.808000, -21.405283, -9.012215, T, F, F, , , , , , , , , , 
11, 3030.112000, -20.097805, -9.315808, T, T, , , 4, T, T, T, 49.795176, 49.795176, 13, 13, 
11, 3030.112000, -20.097805, -9.315808, T, F, F, , , , , , , , , , 
11, 3063.872000, -20.874988, -9.575572, T, T, , , 8, T, T, T, 49.795176, 49.795176, 13, 13, 
11, 3063.872000, -20.874988, -9.575572, T, F, F, , , , , , , , , , 
11, 3076.416000, -15.920488, -10.133608, T, F, F, , , , , , , , , , 
11, 3081.888000, -12.139482, -10.927436, T, F, F, , , , , , , , , , 
11, 3097.632000, -11.442210, -14.706091, T, F, F, , , , , , , , , , 
11, 3107.296000, -5.681670, -16.598866, T, F, F, , , , , , , , , , 
11, 3118.400000, -1.824422, -16.193652, T, F, F, , , , , , , , , , 
11, 3127.072000, 1.346842, -13.825355, T, F, F, , , , , , , , , , 
11, 3132.960000, 4.973147, -12.591693, T, F, R, , , , , , , , 
11, 3138.496000, 4.950746, -12.597699, T, F, R, , , , , , , , 
11, 3143.744000, 1.340047, -13.824858, T, F, R, , , , , , , , 
11, 3150.080000, -1.821690, -16.196089, T, F, R, , , , , , , , 
11, 3168.576000, -5.666268, -16.595841, T, F, R, , , , , , , , 
11, 3177.344000, -11.443713, -14.723566, T, F, R, , , , , , , , 
11, 3184.960000, -12.145593, -10.925197, T, F, R, , , , , , , , 
11, 3206.304000, -14.507241, -9.139450, T, T, , , 7, T, T, T, 49.795176, 49.795176, 13, 13, 
11, 3206.304000, -14.507241, -9.139450, T, F, R, , , , , , , , 
11, 3242.976000, -19.800330, -9.579974, T, F, R, , , , , , , , 
11, 3262.432000, -20.760150, -7.144849, T, T, , , 9, T, T, T, 49.795176, 49.795176, 13, 13, 
11, 3262.432000, -20.760150, -7.144849, T, F, R, , , , , , , , 
11, 3268.704000, -21.931303, -4.152383, T, T, , , 14, T, T, T, 49.795176, 49.795176, 13, 13, 
11, 3268.704000, -21.931303, -4.152383, T, F, R, , , , , , , , 
11, 3270.912000, -22.334163, -3.722665, T, T, , , 6, T, T, T, 49.795176, 49.795176, 13, 13, 
11, 3270.912000, -22.334163, -3.722665, T, F, R, , , , , , , , 
11, 3293.056000, -25.791444, -0.961844, T, T, , , 10, T, T, T, 49.795176, 49.795176, 13, 13, 
11, 3293.056000, -25.791444, -0.961844, T, F, R, , , , , , , , 
11, 3300.288000, -30.475678, 1.285150, T, T, , , 2, T, T, T, 49.795176, 49.795176, 13, 13, 
11, 3300.288000, -30.475678, 1.285150, T, F, R, , , , , , , , 
11, 3321.216000, -33.799338, 2.355636, T, F, F, , , , , , 49.795176, , , , 
11, 3321.216000, -33.799338, 2.355636, T, F, F, , , , , , , , , , 
11, 3326.560000, -33.764906, 2.372346, T, F, F, , , , , , , , , , 
11, 3351.616000, -32.203628, 2.096602, T, F, F, , , , , , , , , , 
11, 3361.376000, -28.328629, 1.686596, T, F, F, , , , , , , , , , 
